{
  "meeting_id": "Bed004",
  "timestamp": "2025-12-12T01:37:38.668273",
  "metadata": {
    "corpus": "ICSI",
    "true_label": "other_item"
  },
  "transcript_length": 45,
  "chunk_type": "action_item",
  "summaries": {
    "main": "[Error: name 'bart_tokenizer' is not defined]"
  },
  "action_items": {
    "total_detected": 1,
    "items": [
      {
        "sentence": "we could talk to the people who run it and see if they have a way that they could easily tell people that there 's a task , pays ten bucks or something , but you have to be comfortable reading relatively complicated stuff .",
        "task": "talk to the people who run it and see if they have a way that they easily tell people that there 's a task , pays ten bucks or something , but you be comfortable reading relatively complicated stuff",
        "action_verb": "talk",
        "person": null,
        "deadline": null
      }
    ]
  },
  "entities": {
    "persons": [],
    "organizations": [],
    "dates": [],
    "locations": []
  },
  "statistics": {
    "total_words": 45,
    "total_sentences": 1,
    "unique_persons_mentioned": 0,
    "action_items_with_assignee": 0,
    "action_items_with_deadline": 0
  }
}