{
  "meeting_id": "Bed006",
  "timestamp": "2025-12-12T01:37:37.076155",
  "metadata": {
    "corpus": "ICSI",
    "true_label": "action_item"
  },
  "transcript_length": 113,
  "chunk_type": "action_item",
  "summaries": {
    "main": "[Error: name 'bart_tokenizer' is not defined]"
  },
  "action_items": {
    "total_detected": 1,
    "items": [
      {
        "sentence": "and then , secondly , we had , you may remember , the problem with the re - phrasing , that subject always re - phrase sort of the task that we gave them , and so we had a meeting on friday talking about how to avoid that , and it proved finally fruitful in the sense that we came up with a new scenario for how to get the subject m to really have intentions and sort of to act upon those , and there the idea is now that next actually we need to hire one more person to actually do that job because it 's getting more complicated .",
        "task": "to hire one more person to actually do that job",
        "action_verb": "hire",
        "person": null,
        "deadline": "friday"
      }
    ]
  },
  "entities": {
    "persons": [],
    "organizations": [],
    "dates": [
      "friday"
    ],
    "locations": []
  },
  "statistics": {
    "total_words": 113,
    "total_sentences": 1,
    "unique_persons_mentioned": 0,
    "action_items_with_assignee": 0,
    "action_items_with_deadline": 1
  }
}