{
  "meeting_id": "Bmr013",
  "timestamp": "2025-12-12T01:37:38.598587",
  "metadata": {
    "corpus": "ICSI",
    "true_label": "other_item"
  },
  "transcript_length": 30,
  "chunk_type": "action_item",
  "summaries": {
    "main": "[Error: name 'bart_tokenizer' is not defined]"
  },
  "action_items": {
    "total_detected": 1,
    "items": [
      {
        "sentence": "no they don't have this you have to enter the data before , you do the second task , but they don't have to happen at the same time .",
        "task": "to enter the data before",
        "action_verb": "enter",
        "person": null,
        "deadline": null
      }
    ]
  },
  "entities": {
    "persons": [],
    "organizations": [],
    "dates": [],
    "locations": []
  },
  "statistics": {
    "total_words": 30,
    "total_sentences": 1,
    "unique_persons_mentioned": 0,
    "action_items_with_assignee": 0,
    "action_items_with_deadline": 0
  }
}