{
  "meeting_id": "Bmr026",
  "timestamp": "2025-12-12T01:37:37.795026",
  "metadata": {
    "corpus": "ICSI",
    "true_label": "agenda_item"
  },
  "transcript_length": 36,
  "chunk_type": "agenda_item",
  "summaries": {
    "main": "[Error: name 'bart_tokenizer' is not defined]"
  },
  "action_items": {
    "total_detected": 1,
    "items": [
      {
        "sentence": "so , i think this is gonna be a pretty short meeting because i have four agenda items , three of them were requested by jane who is not gonna be at the meeting today .",
        "task": "so , i think this is gon na be a pretty short meeting because i have four agenda items , three of them were requested who is not gon na be at the meeting",
        "action_verb": "think",
        "person": "jane",
        "deadline": "today"
      }
    ]
  },
  "entities": {
    "persons": [
      "jane"
    ],
    "organizations": [],
    "dates": [
      "today"
    ],
    "locations": []
  },
  "statistics": {
    "total_words": 36,
    "total_sentences": 1,
    "unique_persons_mentioned": 1,
    "action_items_with_assignee": 1,
    "action_items_with_deadline": 1
  }
}