{
  "meeting_id": "Bmr002",
  "timestamp": "2025-12-12T01:37:37.133874",
  "metadata": {
    "corpus": "ICSI",
    "true_label": "action_item"
  },
  "transcript_length": 32,
  "chunk_type": "action_item",
  "summaries": {
    "main": "[Error: name 'bart_tokenizer' is not defined]"
  },
  "action_items": {
    "total_detected": 3,
    "items": [
      {
        "sentence": "i 'm gonna go download \" transcriber \" and jane",
        "task": "na go download \" transcriber \"",
        "action_verb": "go",
        "person": "jane",
        "deadline": null
      },
      {
        "sentence": "and i will look at it",
        "task": "and i look at it",
        "action_verb": "look",
        "person": null,
        "deadline": null
      },
      {
        "sentence": "well i think the answer is we need to record as many as we can .",
        "task": "to record as many as we can",
        "action_verb": "record",
        "person": null,
        "deadline": null
      }
    ]
  },
  "entities": {
    "persons": [
      "jane"
    ],
    "organizations": [],
    "dates": [],
    "locations": []
  },
  "statistics": {
    "total_words": 32,
    "total_sentences": 3,
    "unique_persons_mentioned": 1,
    "action_items_with_assignee": 1,
    "action_items_with_deadline": 0
  }
}