{
  "meeting_id": "Bmr028",
  "timestamp": "2025-12-12T01:37:38.574339",
  "metadata": {
    "corpus": "ICSI",
    "true_label": "other_item"
  },
  "transcript_length": 53,
  "chunk_type": "action_item",
  "summaries": {
    "main": "[Error: name 'bart_tokenizer' is not defined]"
  },
  "action_items": {
    "total_detected": 1,
    "items": [
      {
        "sentence": "so i so it 's it 's a good wake - up call if people \" well , we have this performance but you have to keep in mind , we 're doing we 're we 're not doing the whole real task in this way and this way and this way .",
        "task": "to keep in mind",
        "action_verb": "keep",
        "person": null,
        "deadline": null
      }
    ]
  },
  "entities": {
    "persons": [],
    "organizations": [],
    "dates": [],
    "locations": []
  },
  "statistics": {
    "total_words": 53,
    "total_sentences": 1,
    "unique_persons_mentioned": 0,
    "action_items_with_assignee": 0,
    "action_items_with_deadline": 0
  }
}