{
  "meeting_id": "Bmr025",
  "timestamp": "2025-12-12T01:37:38.823779",
  "metadata": {
    "corpus": "ICSI",
    "true_label": "other_item"
  },
  "transcript_length": 23,
  "chunk_type": "agenda_item",
  "summaries": {
    "main": "[Error: name 'bart_tokenizer' is not defined]"
  },
  "action_items": {
    "total_detected": 1,
    "items": [
      {
        "sentence": "agenda is according to this , is transcription status , darpa demos xml tools , disks , backups , et cetera and crosspads.",
        "task": "agenda is according to this , is transcription status , darpa demos xml tools , disks , backups , et cetera and crosspads",
        "action_verb": "be",
        "person": null,
        "deadline": null
      }
    ]
  },
  "entities": {
    "persons": [],
    "organizations": [
      "darpa demos xml"
    ],
    "dates": [],
    "locations": []
  },
  "statistics": {
    "total_words": 23,
    "total_sentences": 1,
    "unique_persons_mentioned": 0,
    "action_items_with_assignee": 0,
    "action_items_with_deadline": 0
  }
}