{
  "meeting_id": "Bmr031",
  "timestamp": "2025-12-12T01:37:37.714090",
  "metadata": {
    "corpus": "ICSI",
    "true_label": "agenda_item"
  },
  "transcript_length": 14,
  "chunk_type": "agenda_item",
  "summaries": {
    "main": "[Error: name 'bart_tokenizer' is not defined]"
  },
  "action_items": {
    "total_detected": 1,
    "items": [
      {
        "sentence": "so , , you didn't you didn't get an agenda , i guess .",
        "task": "so , , you did n't you did n't get an agenda , i guess",
        "action_verb": "guess",
        "person": null,
        "deadline": null
      }
    ]
  },
  "entities": {
    "persons": [],
    "organizations": [],
    "dates": [],
    "locations": []
  },
  "statistics": {
    "total_words": 14,
    "total_sentences": 1,
    "unique_persons_mentioned": 0,
    "action_items_with_assignee": 0,
    "action_items_with_deadline": 0
  }
}