{
  "meeting_id": "Bmr030",
  "timestamp": "2025-12-12T01:37:37.842965",
  "metadata": {
    "corpus": "ICSI",
    "true_label": "agenda_item"
  },
  "transcript_length": 15,
  "chunk_type": "agenda_item",
  "summaries": {
    "main": "[Error: name 'bart_tokenizer' is not defined]"
  },
  "action_items": {
    "total_detected": 1,
    "items": [
      {
        "sentence": "that 's wha - what did i have on the agenda i mailed out ?",
        "task": "that 's wha - what did i have on the agenda i mailed out ?",
        "action_verb": "be",
        "person": null,
        "deadline": null
      }
    ]
  },
  "entities": {
    "persons": [],
    "organizations": [],
    "dates": [],
    "locations": []
  },
  "statistics": {
    "total_words": 15,
    "total_sentences": 1,
    "unique_persons_mentioned": 0,
    "action_items_with_assignee": 0,
    "action_items_with_deadline": 0
  }
}