{
  "meeting_id": "Bmr021",
  "timestamp": "2025-12-12T01:37:37.008576",
  "metadata": {
    "corpus": "ICSI",
    "true_label": "action_item"
  },
  "transcript_length": 8,
  "chunk_type": "action_item",
  "summaries": {
    "main": "[Error: name 'bart_tokenizer' is not defined]"
  },
  "action_items": {
    "total_detected": 1,
    "items": [
      {
        "sentence": "i will by next week , though .",
        "task": "week , though",
        "action_verb": "by",
        "person": null,
        "deadline": "next week"
      }
    ]
  },
  "entities": {
    "persons": [],
    "organizations": [],
    "dates": [
      "next week"
    ],
    "locations": []
  },
  "statistics": {
    "total_words": 8,
    "total_sentences": 1,
    "unique_persons_mentioned": 0,
    "action_items_with_assignee": 0,
    "action_items_with_deadline": 1
  }
}