{
  "meeting_id": "Bro003",
  "timestamp": "2025-12-12T01:37:37.366154",
  "metadata": {
    "corpus": "ICSI",
    "true_label": "agenda_item"
  },
  "transcript_length": 28,
  "chunk_type": "agenda_item",
  "summaries": {
    "main": "[Error: name 'bart_tokenizer' is not defined]"
  },
  "action_items": {
    "total_detected": 1,
    "items": [
      {
        "sentence": "this is what i have for an agenda so far , we should talk a little bit about the plans for the the field trip next week .",
        "task": "this is what i have for an agenda so far , we talk a little bit about the plans for the the field trip next week",
        "action_verb": "be",
        "person": null,
        "deadline": "next week"
      }
    ]
  },
  "entities": {
    "persons": [],
    "organizations": [],
    "dates": [
      "next week"
    ],
    "locations": []
  },
  "statistics": {
    "total_words": 28,
    "total_sentences": 1,
    "unique_persons_mentioned": 0,
    "action_items_with_assignee": 0,
    "action_items_with_deadline": 1
  }
}