{
  "meeting_id": "Bro007",
  "timestamp": "2025-12-12T01:37:38.486212",
  "metadata": {
    "corpus": "ICSI",
    "true_label": "other_item"
  },
  "transcript_length": 84,
  "chunk_type": "action_item",
  "summaries": {
    "main": "[Error: name 'bart_tokenizer' is not defined]"
  },
  "action_items": {
    "total_detected": 2,
    "items": [
      {
        "sentence": "well you guys doing great stuff so that 's that 's really neat",
        "task": "well you guys doing great stuff so that 's that 's really neat",
        "action_verb": "do",
        "person": null,
        "deadline": null
      },
      {
        "sentence": "and we 'll g don't think we need to well the other thing i guess that i will say is that the digits that we 're gonna record momentarily is starting to get are starting to get into a pretty good size collection and in addition to the speechdat stuff we will have those to work with really pretty soon now so that 's that 's another source of data .",
        "task": "to well",
        "action_verb": "well",
        "person": null,
        "deadline": null
      }
    ]
  },
  "entities": {
    "persons": [],
    "organizations": [],
    "dates": [],
    "locations": []
  },
  "statistics": {
    "total_words": 84,
    "total_sentences": 2,
    "unique_persons_mentioned": 0,
    "action_items_with_assignee": 0,
    "action_items_with_deadline": 0
  }
}