{
  "meeting_id": "Btr002",
  "timestamp": "2025-12-12T01:37:38.778114",
  "metadata": {
    "corpus": "ICSI",
    "true_label": "other_item"
  },
  "transcript_length": 43,
  "chunk_type": "agenda_item",
  "summaries": {
    "main": "[Error: name 'bart_tokenizer' is not defined]"
  },
  "action_items": {
    "total_detected": 1,
    "items": [
      {
        "sentence": "the one that i 'm thinking of , i it 's a matter of you can tell it 's in context where he 's looking in his agenda to see , you know , \" do i have time to do this ?",
        "task": "to see",
        "action_verb": "see",
        "person": null,
        "deadline": null
      }
    ]
  },
  "entities": {
    "persons": [],
    "organizations": [],
    "dates": [],
    "locations": []
  },
  "statistics": {
    "total_words": 43,
    "total_sentences": 1,
    "unique_persons_mentioned": 0,
    "action_items_with_assignee": 0,
    "action_items_with_deadline": 0
  }
}