{
  "meeting_id": "EN2003a",
  "timestamp": "2025-12-12T01:37:37.224908",
  "metadata": {
    "corpus": "AMI",
    "true_label": "action_item"
  },
  "transcript_length": 56,
  "chunk_type": "action_item",
  "summaries": {
    "main": "The project manager opens the meeting and tells the group that the project manager will be working on the project budget.    The group then begins the discussion about the agenda for the upcoming meeting. The group decides that a poster session is a good idea and that they should consider using a paper presentation instead of a poster. Â  The project manager then tells them that the group will work on the budget and that the team will be focusing on the marketing and technical aspects of the project, as well as the group's overall aim to make the project more user-friendly, and to make it easier for the team members to adapt to the new requirements of the group. "
  },
  "action_items": {
    "total_detected": 1,
    "items": [
      {
        "sentence": "but i think what we should say is when i put out this call , i'll put both deadlines , and i think i'll say that when you send in your abstract , you need to mention that any technology you intend to use , so that at least if we have all the information ?",
        "task": "to mention that any technology you intend to use",
        "action_verb": "mention",
        "person": null,
        "deadline": null
      }
    ]
  },
  "entities": {
    "persons": [],
    "organizations": [],
    "dates": [],
    "locations": []
  },
  "statistics": {
    "total_words": 56,
    "total_sentences": 1,
    "unique_persons_mentioned": 0,
    "action_items_with_assignee": 0,
    "action_items_with_deadline": 0
  }
}