{
  "meeting_id": "EN2002d",
  "timestamp": "2025-12-12T01:37:37.167443",
  "metadata": {
    "corpus": "AMI",
    "true_label": "action_item"
  },
  "transcript_length": 25,
  "chunk_type": "action_item",
  "summaries": {
    "main": "The project manager opened the meeting and introduced the project to the team.    The team members then discussed their experiences with the project and discussed their own experiences with using the project, which led them to decide that they wanted to keep the project simple and to make it easier for users to use the project instead of having to create their own project. The project manager then discussed how to make the project more user-friendly and how to implement the project. Afterwards, the project manager briefed the team on the project budget and the team members on the team's goals for the upcoming project and the group decided to make a new project, the Project Manager, and the User Interface Designer (UI).  "
  },
  "action_items": {
    "total_detected": 1,
    "items": [
      {
        "sentence": "well i will well i will i will need your snippets of code or it'd be good if i had them by tomorrow evening .",
        "task": "well i well i i need your snippets of code or it 'd be good if i had them evening",
        "action_verb": "need",
        "person": null,
        "deadline": "tomorrow"
      }
    ]
  },
  "entities": {
    "persons": [],
    "organizations": [],
    "dates": [
      "tomorrow"
    ],
    "locations": []
  },
  "statistics": {
    "total_words": 25,
    "total_sentences": 1,
    "unique_persons_mentioned": 0,
    "action_items_with_assignee": 0,
    "action_items_with_deadline": 1
  }
}