{
  "meeting_id": "EN2009b",
  "timestamp": "2025-12-12T01:37:38.701018",
  "metadata": {
    "corpus": "AMI",
    "true_label": "other_item"
  },
  "transcript_length": 15,
  "chunk_type": "agenda_item",
  "summaries": {
    "main": "The project manager opened the meeting.    The project manager introduced the project to the team and discussed the project budget and the agenda for the next few days, including a re-installation of the existing software. The team then discussed the internal workings of the project and discussed how to make the new software more user-friendly and easier to use than the previous versions of the product.     The group discussed the possibility of using a remote control device to control the remote, and discussed what features to consider when designing a remote. Â  The team decided to use an eye-link device instead of a remote, which would allow the remote to be used in the remote."
  },
  "action_items": {
    "total_detected": 1,
    "items": [
      {
        "sentence": "i don't know what real purpose of these little folded up a_ four fliers .",
        "task": "do n't know what real purpose of these little folded up a _ four fliers",
        "action_verb": "know",
        "person": null,
        "deadline": null
      }
    ]
  },
  "entities": {
    "persons": [],
    "organizations": [],
    "dates": [],
    "locations": []
  },
  "statistics": {
    "total_words": 15,
    "total_sentences": 1,
    "unique_persons_mentioned": 0,
    "action_items_with_assignee": 0,
    "action_items_with_deadline": 0
  }
}