{
  "meeting_id": "EN2002b",
  "timestamp": "2025-12-12T01:37:38.556002",
  "metadata": {
    "corpus": "AMI",
    "true_label": "other_item"
  },
  "transcript_length": 29,
  "chunk_type": "action_item",
  "summaries": {
    "main": "The project manager opens the meeting and tells the group that the project manager will be working on the project.    The project manager begins the meeting by talking about the project budget and then the team members discuss their experiences with the project and then they decide to work together on a project management plan for the next few months, based on the results of the last meeting. Â  The team then begins the discussion about how to make the project more user-friendly, and what features to consider when designing the project, as well as how to incorporate the project into the overall project budget, and then begins discussing the team's experiences with using the project management system."
  },
  "action_items": {
    "total_detected": 1,
    "items": [
      {
        "sentence": "and so there are ways around it , but you know , whether i'll be able to figure something out like that till before tomorrow , i know .",
        "task": "to figure something out like that till before",
        "action_verb": "figure",
        "person": null,
        "deadline": "tomorrow"
      }
    ]
  },
  "entities": {
    "persons": [],
    "organizations": [],
    "dates": [
      "tomorrow"
    ],
    "locations": []
  },
  "statistics": {
    "total_words": 29,
    "total_sentences": 1,
    "unique_persons_mentioned": 0,
    "action_items_with_assignee": 0,
    "action_items_with_deadline": 1
  }
}