{
  "meeting_id": "EN2001a",
  "timestamp": "2025-12-12T01:37:39.399324",
  "metadata": {
    "corpus": "AMI",
    "true_label": "other_item"
  },
  "transcript_length": 30,
  "chunk_type": "other_item",
  "summaries": {
    "main": "The project manager opened the meeting.    The project manager briefed the team on the upcoming project and then the team members discussed their experiences with the project and discussed what features they would like to include in the project design and how to incorporate them into the design and the team's overall experience with the team.     The group discussed the project budget and discussed the possibility of using a remote control. Â  The team discussed the production costs of the project, and discussed how to integrate the remote control with the existing remote control, and whether to include a group directory or a user-friendly interface in the design. �  The marketing expert discussed the need for a group"
  },
  "action_items": {
    "total_detected": 1,
    "items": [
      {
        "sentence": "and then , th those are few per meeting , and it well , it gives a time stamp and inside each one there's the actual like utterance segments .",
        "task": "and then , th those are few per meeting , and it well , it gives a time stamp and inside each one there 's the actual like utterance segments",
        "action_verb": "be",
        "person": null,
        "deadline": null
      }
    ]
  },
  "entities": {
    "persons": [],
    "organizations": [],
    "dates": [],
    "locations": []
  },
  "statistics": {
    "total_words": 30,
    "total_sentences": 1,
    "unique_persons_mentioned": 0,
    "action_items_with_assignee": 0,
    "action_items_with_deadline": 0
  }
}