{
  "meeting_id": "EN2001d",
  "timestamp": "2025-12-12T01:37:36.952343",
  "metadata": {
    "corpus": "AMI",
    "true_label": "action_item"
  },
  "transcript_length": 15,
  "chunk_type": "action_item",
  "summaries": {
    "main": "The project manager opened the meeting.    The project manager introduced the prototype to the team members and then discussed the project plans for the next meeting. The team members discussed their experiences with the prototype and decided that the prototype should not be used as a prototype because it would be too complicated to evaluate the prototype on the basis of its size and its ability to be used in a single meeting. -   They discussed the prototype's components and its components and discussed how to make it more user-friendly.-   After discussing the prototype, the team decided that they would not use the prototype for the first meeting because it was too complicated and lacked the necessary components."
  },
  "action_items": {
    "total_detected": 1,
    "items": [
      {
        "sentence": "we should certainly take away the labels that say minus four times as well .",
        "task": "certainly take away the labels that say minus four times as well",
        "action_verb": "take",
        "person": null,
        "deadline": null
      }
    ]
  },
  "entities": {
    "persons": [],
    "organizations": [],
    "dates": [],
    "locations": []
  },
  "statistics": {
    "total_words": 15,
    "total_sentences": 1,
    "unique_persons_mentioned": 0,
    "action_items_with_assignee": 0,
    "action_items_with_deadline": 0
  }
}