{
  "meeting_id": "ES2016d",
  "timestamp": "2025-12-12T01:37:37.953314",
  "metadata": {
    "corpus": "AMI",
    "true_label": "decision_item"
  },
  "transcript_length": 17,
  "chunk_type": "action_item",
  "summaries": {
    "main": "The project manager opened the meeting by talking about the prototype.    The marketing expert presented the prototype to the team and discussed its appearance, its shape, and its ability to be used as a remote control device, as well as its appearance and its function as a speech recognition device, and suggested that the prototype be made of plastic rather than rubber. Â  The industrial designer discussed the internal workings of the prototype and discussed the possibility of incorporating speech recognition into the design, and discussed whether or not to include a scroll wheel in the design. "
  },
  "action_items": {
    "total_detected": 1,
    "items": [
      {
        "sentence": "or we'll see what , what we need to have under the criteria for the evaluation .",
        "task": "what what to have under the criteria for the evaluation",
        "action_verb": "have",
        "person": null,
        "deadline": null
      }
    ]
  },
  "entities": {
    "persons": [],
    "organizations": [],
    "dates": [],
    "locations": []
  },
  "statistics": {
    "total_words": 17,
    "total_sentences": 1,
    "unique_persons_mentioned": 0,
    "action_items_with_assignee": 0,
    "action_items_with_deadline": 0
  }
}