{
  "meeting_id": "ES2004d",
  "timestamp": "2025-12-12T01:37:37.614213",
  "metadata": {
    "corpus": "AMI",
    "true_label": "agenda_item"
  },
  "transcript_length": 14,
  "chunk_type": "agenda_item",
  "summaries": {
    "main": "The project manager opened the meeting and introduced the agenda to the team.    The marketing expert presented the results of a market research study, which indicated that the remote was technologically innovative and user-friendly, and that it was easy to locate and locate the remote by using voice recognition. Â  The user interface designer presented the prototype design, and the team members discussed their own experiences with the remote and discussed how to incorporate voice recognition into the design. ________________________________  The team members then discussed their experiences with voice recognition, and decided that the prototype should be technologically innovative, easy to use, and technologically innovative. ________  The group decided to use voice recognition instead of a beeper function"
  },
  "action_items": {
    "total_detected": 1,
    "items": [
      {
        "sentence": "i think the agenda one was where the price was , wasn't it ?",
        "task": "think the agenda one was where the price was , was n't it ?",
        "action_verb": "be",
        "person": null,
        "deadline": null
      }
    ]
  },
  "entities": {
    "persons": [],
    "organizations": [],
    "dates": [],
    "locations": []
  },
  "statistics": {
    "total_words": 14,
    "total_sentences": 1,
    "unique_persons_mentioned": 0,
    "action_items_with_assignee": 0,
    "action_items_with_deadline": 0
  }
}