{
  "meeting_id": "ES2014b",
  "timestamp": "2025-12-12T01:37:38.615150",
  "metadata": {
    "corpus": "AMI",
    "true_label": "other_item"
  },
  "transcript_length": 22,
  "chunk_type": "action_item",
  "summaries": {
    "main": "The project manager opened the meeting by explaining the new requirements of the project.    The marketing expert presented the current requirements for the remote and discussed the possibility of incorporating a corporate logo and colour scheme into the design of the device. The industrial designer discussed the options for the device and discussed how to make the device user-friendly, user-centered, and user-affordable, as well as how to incorporate the corporate logo into its design. The project manager then discussed the internal workings of the remote, and the project manager discussed the project budget and the costs of producing a remote that could be used as a personal remote. The group decided to keep the remote simple and not include a button."
  },
  "action_items": {
    "total_detected": 1,
    "items": [
      {
        "sentence": "we'll also know w when the next meeting is i so we'll know how long we've got to complete that task .",
        "task": "to complete that task",
        "action_verb": "complete",
        "person": null,
        "deadline": null
      }
    ]
  },
  "entities": {
    "persons": [],
    "organizations": [],
    "dates": [],
    "locations": []
  },
  "statistics": {
    "total_words": 22,
    "total_sentences": 1,
    "unique_persons_mentioned": 0,
    "action_items_with_assignee": 0,
    "action_items_with_deadline": 0
  }
}