{
  "meeting_id": "ES2002a",
  "timestamp": "2025-12-12T01:37:38.809239",
  "metadata": {
    "corpus": "AMI",
    "true_label": "other_item"
  },
  "transcript_length": 24,
  "chunk_type": "agenda_item",
  "summaries": {
    "main": "The project manager opened the meeting and introduced the project to the team.    The project manager introduced the team members to each other and then the project manager briefed the team on the upcoming project. The team then discussed their experiences with remote controls and discussed their preferences for their favorite animals and their favorite features. Â  The industrial designer then discussed the production cost of the remote and discussed the possibility of selling the remote on the international market, and the team decided that the remote should be original, trendy, user friendly, and user-friendly.    The marketing expert then briefed the group on the project budget, and then they discussed their personal preferences for the remote they would be designing."
  },
  "action_items": {
    "total_detected": 1,
    "items": [
      {
        "sentence": "they're gone from being just like little sort of scribble boards to cameras , m_p_ three players , telephones , everything , agenda .",
        "task": "'re gone from being just like little sort of scribble boards to cameras , m_p _ three players , telephones , everything , agenda",
        "action_verb": "go",
        "person": null,
        "deadline": null
      }
    ]
  },
  "entities": {
    "persons": [],
    "organizations": [],
    "dates": [],
    "locations": []
  },
  "statistics": {
    "total_words": 24,
    "total_sentences": 1,
    "unique_persons_mentioned": 0,
    "action_items_with_assignee": 0,
    "action_items_with_deadline": 0
  }
}