{
  "meeting_id": "ES2012c",
  "timestamp": "2025-12-12T01:37:38.129938",
  "metadata": {
    "corpus": "AMI",
    "true_label": "decision_item"
  },
  "transcript_length": 25,
  "chunk_type": "decision_item",
  "summaries": {
    "main": "The project manager opened the meeting by stating that the project manager will be working on a new remote control design.    The marketing expert presented the internal workings of the remote control and suggested that the remote should have speech recognition rather than buttons, and that the user interface should be simple and user-friendly, with a simple design that is easy to use and easy to learn. Â  The industrial designer presented the final product evaluation, which showed that users liked the look and feel of the device, but did not like the way it looked and felt that it was too complicated to use, and did not have enough features to make it appealing to the target demographic."
  },
  "action_items": {
    "total_detected": 1,
    "items": [
      {
        "sentence": "so again , i'll we'll have the three presentations from the three of you and then we'll we'll make a final a final decision .",
        "task": "so again , i 'll we 'll have the three presentations from the three of you and then we 'll we 'll make a final a final decision",
        "action_verb": "have",
        "person": null,
        "deadline": null
      }
    ]
  },
  "entities": {
    "persons": [],
    "organizations": [],
    "dates": [],
    "locations": []
  },
  "statistics": {
    "total_words": 25,
    "total_sentences": 1,
    "unique_persons_mentioned": 0,
    "action_items_with_assignee": 0,
    "action_items_with_deadline": 0
  }
}