{
  "meeting_id": "ES2015c",
  "timestamp": "2025-12-12T01:37:37.967265",
  "metadata": {
    "corpus": "AMI",
    "true_label": "decision_item"
  },
  "transcript_length": 30,
  "chunk_type": "action_item",
  "summaries": {
    "main": "The project manager opened the meeting and introduced the project to the team.    The marketing expert introduced the concept of a user interface and discussed the features of a remote control, such as the ability to change the color of the rubber casing and the number of buttons on the remote.     The industrial designer discussed the possibility of incorporating solar power into the design of the remote, and suggested that the remote be made of plastic with a rubber casing, and that the buttons be shaped like a banana or a banana to make it easier to use. Â  The group discussed the options for materials and materials to be used in the design."
  },
  "action_items": {
    "total_detected": 1,
    "items": [
      {
        "sentence": ", there are several components of , , the circuit board that we need to consider , where we'll be getting them from , what they'll be made of .",
        "task": "that to consider",
        "action_verb": "consider",
        "person": null,
        "deadline": null
      }
    ]
  },
  "entities": {
    "persons": [],
    "organizations": [],
    "dates": [],
    "locations": []
  },
  "statistics": {
    "total_words": 30,
    "total_sentences": 1,
    "unique_persons_mentioned": 0,
    "action_items_with_assignee": 0,
    "action_items_with_deadline": 0
  }
}