{
  "meeting_id": "ES2002b",
  "timestamp": "2025-12-12T01:37:38.755986",
  "metadata": {
    "corpus": "AMI",
    "true_label": "other_item"
  },
  "transcript_length": 53,
  "chunk_type": "agenda_item",
  "summaries": {
    "main": "The project manager opens the meeting by explaining the basic functions of a remote control.    The marketing expert begins the presentation by stating that the remote will be simple, user-friendly, easy to use, and will not require a lot of remotes or remotes to be used in the workplace. Â  The user interface designer begins the discussion by describing the functions of the remote and explaining how they will be used and what features they will want to include in the design.    The industrial designer then explains how the remote works and how to use it in the production process.      The group then discusses their preferences for remotes and how they want to use them.     The Marketing Expert presents the"
  },
  "action_items": {
    "total_detected": 1,
    "items": [
      {
        "sentence": "it's fairly general , and i guess the purpose of this is also not to restrict you in the way you're thinking , like voice recognition , , , if it's something which is important then we just add more power rather than having a thing that we don't have enough power .",
        "task": "not to restrict you in the way you 're thinking , like voice recognition",
        "action_verb": "restrict",
        "person": null,
        "deadline": null
      }
    ]
  },
  "entities": {
    "persons": [],
    "organizations": [],
    "dates": [],
    "locations": []
  },
  "statistics": {
    "total_words": 53,
    "total_sentences": 1,
    "unique_persons_mentioned": 0,
    "action_items_with_assignee": 0,
    "action_items_with_deadline": 0
  }
}