{
  "meeting_id": "ES2003a",
  "timestamp": "2025-12-12T01:37:37.537204",
  "metadata": {
    "corpus": "AMI",
    "true_label": "agenda_item"
  },
  "transcript_length": 8,
  "chunk_type": "agenda_item",
  "summaries": {
    "main": "The project manager opened the meeting and introduced the agenda to the team.    The industrial designer introduced the project to the group and then the group members participated in an exercise in which they each drew their favorite animal and discussed their preferences for the animal and its characteristics in terms of appearance, function, shape, and appearance, as well as their personal preferences for remotes that are technologically innovative and user-friendly, and that they would like to have a remote that is technologically innovative, trendy, easy to use, and easy-to-use, and would be easy to maintain in the hand. "
  },
  "action_items": {
    "total_detected": 1,
    "items": [
      {
        "sentence": "this is the agenda for today's meeting .",
        "task": "this is the agenda for 's meeting",
        "action_verb": "be",
        "person": null,
        "deadline": "today"
      }
    ]
  },
  "entities": {
    "persons": [],
    "organizations": [],
    "dates": [
      "today"
    ],
    "locations": []
  },
  "statistics": {
    "total_words": 8,
    "total_sentences": 1,
    "unique_persons_mentioned": 0,
    "action_items_with_assignee": 0,
    "action_items_with_deadline": 1
  }
}