{
  "meeting_id": "ES2010c",
  "timestamp": "2025-12-12T01:37:37.684832",
  "metadata": {
    "corpus": "AMI",
    "true_label": "agenda_item"
  },
  "transcript_length": 10,
  "chunk_type": "agenda_item",
  "summaries": {
    "main": "The project manager opened the meeting and introduced the agenda to the team.    The marketing expert introduced the team to the project manager and then the team members discussed their experiences with remotes and discussed their preferences for materials and materials for the materials they would like to use in their design. Â  The industrial designer introduced the project budget and discussed the options for materials, materials, components, and materials to consider when designing the remote.    The project manager then discussed the internal workings of the remote and what features to include in the design of the device, as well as the internal components of the remotes they would produce.      The team then discussed user interface concepts, including voice recognition,"
  },
  "action_items": {
    "total_detected": 1,
    "items": [
      {
        "sentence": "'kay , here is the agenda for today's meeting .",
        "task": "' kay , here is the agenda for 's meeting",
        "action_verb": "be",
        "person": null,
        "deadline": "today"
      }
    ]
  },
  "entities": {
    "persons": [],
    "organizations": [],
    "dates": [
      "today"
    ],
    "locations": []
  },
  "statistics": {
    "total_words": 10,
    "total_sentences": 1,
    "unique_persons_mentioned": 0,
    "action_items_with_assignee": 0,
    "action_items_with_deadline": 1
  }
}