{
  "meeting_id": "ES2007c",
  "timestamp": "2025-12-12T01:37:38.838683",
  "metadata": {
    "corpus": "AMI",
    "true_label": "other_item"
  },
  "transcript_length": 21,
  "chunk_type": "decision_item",
  "summaries": {
    "main": "The project manager opened the meeting and introduced the agenda to the team.    The team then discussed the options for energy sources, materials, and materials to use in the design of the remotes, and decided that they should go for rubber, rubber, and rubber. The marketing expert then discussed energy sources and energy sources to be used in the product design. The team decided that rubber would be the most suitable material for the case, and that rubber could be used as a case material, and then the team decided to use rubber instead of rubber to make the case more ergonomic, and to include a scroll wheel."
  },
  "action_items": {
    "total_detected": 1,
    "items": [
      {
        "sentence": ", now the trouble is we've already decided that we're going with the stuff that works already , that's cheap .",
        "task": "now the trouble is we 've already decided that we 're going with the stuff that works already , that 's cheap",
        "action_verb": "be",
        "person": null,
        "deadline": null
      }
    ]
  },
  "entities": {
    "persons": [],
    "organizations": [],
    "dates": [],
    "locations": []
  },
  "statistics": {
    "total_words": 21,
    "total_sentences": 1,
    "unique_persons_mentioned": 0,
    "action_items_with_assignee": 0,
    "action_items_with_deadline": 0
  }
}