{
  "meeting_id": "ES2006a",
  "timestamp": "2025-12-12T01:37:37.382080",
  "metadata": {
    "corpus": "AMI",
    "true_label": "agenda_item"
  },
  "transcript_length": 30,
  "chunk_type": "agenda_item",
  "summaries": {
    "main": "The project manager opened the meeting and introduced the project to the team.    The project manager then introduced the team members to each other and then the project manager briefed them on the agenda for the upcoming project and then they discussed their roles in the project and discussed their personal preferences for the remote they will create. Â  The marketing expert then briefed the team on their experiences with remote controls and discussed how they would use the remote to sell the product.    The group then discussed their preferences for their favorite animals and what features they would like to include in the design of the remote.      The industrial designer then discussed the internal workings of a remote control and discussed the functions of the device."
  },
  "action_items": {
    "total_detected": 1,
    "items": [
      {
        "sentence": "anyway , this is the plan for today's meeting is firstly just to introduce the project briefly , although i'm sure you've actually got some of the information already .",
        "task": "just to introduce the project briefly",
        "action_verb": "introduce",
        "person": null,
        "deadline": "today"
      }
    ]
  },
  "entities": {
    "persons": [],
    "organizations": [],
    "dates": [
      "today"
    ],
    "locations": []
  },
  "statistics": {
    "total_words": 30,
    "total_sentences": 1,
    "unique_persons_mentioned": 0,
    "action_items_with_assignee": 0,
    "action_items_with_deadline": 1
  }
}