{
  "meeting_id": "ES2004b",
  "timestamp": "2025-12-12T01:37:37.626505",
  "metadata": {
    "corpus": "AMI",
    "true_label": "agenda_item"
  },
  "transcript_length": 16,
  "chunk_type": "agenda_item",
  "summaries": {
    "main": "The project manager opened the meeting and introduced the agenda.    The marketing expert presented the results of a usability study conducted in which users rated the remote on the basis of its look and feel, its power source, and its ability to be used in a remote control. The user interface designer presented the user interface design of the remote, which was based on user preferences for a simple, user-friendly, and user-centered design. Â  The industrial designer discussed the functional requirements of a remote and discussed the possibility of incorporating speech recognition and speech recognition into the design. The group discussed their personal preferences for the remote they would like to use and discussed how to make it easier to use."
  },
  "action_items": {
    "total_detected": 1,
    "items": [
      {
        "sentence": ", our agenda for today , do you want us to give you a second ?",
        "task": "our agenda for , do you want us to give you a second ?",
        "action_verb": "want",
        "person": null,
        "deadline": "today"
      }
    ]
  },
  "entities": {
    "persons": [],
    "organizations": [],
    "dates": [
      "today"
    ],
    "locations": []
  },
  "statistics": {
    "total_words": 16,
    "total_sentences": 1,
    "unique_persons_mentioned": 0,
    "action_items_with_assignee": 0,
    "action_items_with_deadline": 1
  }
}