{
  "meeting_id": "ES2013c",
  "timestamp": "2025-12-12T01:37:37.302909",
  "metadata": {
    "corpus": "AMI",
    "true_label": "agenda_item"
  },
  "transcript_length": 31,
  "chunk_type": "action_item",
  "summaries": {
    "main": "The project manager opened the meeting by talking about the current cost of a remote control device.    The marketing expert discussed the current price point of the remote control and discussed the possibility of incorporating fruit and vegetable themed sleeves into the design, which would be spongy and technologically innovative, and would be easy to use and easy to maintain. Â  The industrial designer discussed the cost of the device, and the group discussed the options for materials, materials, components, and materials that could be used in the design.       The group discussed their preferences for materials and materials, as well as their personal preferences for fruit and veg.      The project manager discussed the internal workings of the product."
  },
  "action_items": {
    "total_detected": 1,
    "items": [
      {
        "sentence": "there are the decisions we have to turn to , but we'll come back to them in a minute after i take us to the minutes of the previous meeting .",
        "task": "to turn to",
        "action_verb": "turn",
        "person": null,
        "deadline": null
      }
    ]
  },
  "entities": {
    "persons": [],
    "organizations": [],
    "dates": [],
    "locations": []
  },
  "statistics": {
    "total_words": 31,
    "total_sentences": 1,
    "unique_persons_mentioned": 0,
    "action_items_with_assignee": 0,
    "action_items_with_deadline": 0
  }
}