{
  "meeting_id": "ES2005c",
  "timestamp": "2025-12-12T01:37:37.700155",
  "metadata": {
    "corpus": "AMI",
    "true_label": "agenda_item"
  },
  "transcript_length": 19,
  "chunk_type": "agenda_item",
  "summaries": {
    "main": "The project manager opens the meeting by stating the agenda.    The marketing expert begins the discussion by stating that the marketing expert is looking at trends in fashion and trends in consumer preferences for fancier remotes and products that are easy to use and are technologically innovative, with a fancy look and feel, and a spongy look, a fancy outlook, and an easy-to-use interface. Â  The industrial designer begins the presentation by explaining the functions of a remote control and explaining how to use the remote in a fashion that is trendy, trendy, and user-friendly, and that the remote should have a fancy feel and look, be ergonomic, and be ergonomically innovative. "
  },
  "action_items": {
    "total_detected": 1,
    "items": [
      {
        "sentence": ", i don't know if y it just ca it just came up on my on my agenda .",
        "task": "i do n't know if y it just ca it just came up on my on my agenda",
        "action_verb": "know",
        "person": null,
        "deadline": null
      }
    ]
  },
  "entities": {
    "persons": [],
    "organizations": [],
    "dates": [],
    "locations": []
  },
  "statistics": {
    "total_words": 19,
    "total_sentences": 1,
    "unique_persons_mentioned": 0,
    "action_items_with_assignee": 0,
    "action_items_with_deadline": 0
  }
}