{
  "meeting_id": "ES2004a",
  "timestamp": "2025-12-12T01:37:37.548444",
  "metadata": {
    "corpus": "AMI",
    "true_label": "agenda_item"
  },
  "transcript_length": 28,
  "chunk_type": "agenda_item",
  "summaries": {
    "main": "The project manager opened the meeting and introduced the agenda to the team.    The marketing expert introduced the project to the group and then the team members discussed their experiences with remote controls and discussed their personal preferences for them and what features they would like to include in their design. The group then discussed their preferences for materials, materials, and materials to make the remote easier to use and how they would make it more user-friendly and easy to use. Â  The project manager then briefed the team on the new requirements for the remote and the project manager on the team's experiences with using remote controls in the past and discussed what features to consider when designing a remote."
  },
  "action_items": {
    "total_detected": 1,
    "items": [
      {
        "sentence": ", this is our agenda , we will do some stuff , get to know each other a bit better to feel more comfortable with each other .",
        "task": "to know each other a bit better to feel more comfortable with each other",
        "action_verb": "know",
        "person": null,
        "deadline": null
      }
    ]
  },
  "entities": {
    "persons": [],
    "organizations": [],
    "dates": [],
    "locations": []
  },
  "statistics": {
    "total_words": 28,
    "total_sentences": 1,
    "unique_persons_mentioned": 0,
    "action_items_with_assignee": 0,
    "action_items_with_deadline": 0
  }
}