{
  "meeting_id": "ES2002d",
  "timestamp": "2025-12-12T01:37:38.714912",
  "metadata": {
    "corpus": "AMI",
    "true_label": "other_item"
  },
  "transcript_length": 49,
  "chunk_type": "agenda_item",
  "summaries": {
    "main": "The project manager opens the meeting and tells the team that the project manager will be working on the project budget.    The marketing expert begins the meeting by talking about the production costs of the device, and then the team begins the discussion about the features that will be incorporated into the design. Â  The user interface designer begins talking about how the device will look and feel, and what features will be included in the design, and the team then begins the project to decide what features to include in the product.    The project manager then discusses the cost of the project, and how the project will be managed.     The team then discusses their internal components, including the LCD screen, the LCD, and a"
  },
  "action_items": {
    "total_detected": 1,
    "items": [
      {
        "sentence": "in reality i think here the different elements of leadership such as the original b briefing and then the personal coach and the and then you know having you with your the meeting agenda is actually quite a quite a quite a con confining framework to work within .",
        "task": "in reality i think here the different elements of leadership such as the original b briefing and then the personal coach and the and then you know having you with your the meeting agenda is actually quite a quite a quite a con confining framework to work within",
        "action_verb": "think",
        "person": null,
        "deadline": null
      }
    ]
  },
  "entities": {
    "persons": [],
    "organizations": [],
    "dates": [],
    "locations": []
  },
  "statistics": {
    "total_words": 49,
    "total_sentences": 1,
    "unique_persons_mentioned": 0,
    "action_items_with_assignee": 0,
    "action_items_with_deadline": 0
  }
}