{
  "meeting_id": "IB4003",
  "timestamp": "2025-12-12T01:37:38.854800",
  "metadata": {
    "corpus": "AMI",
    "true_label": "other_item"
  },
  "transcript_length": 24,
  "chunk_type": "decision_item",
  "summaries": {
    "main": "[Error: name 'bart_tokenizer' is not defined]"
  },
  "action_items": {
    "total_detected": 2,
    "items": [
      {
        "sentence": "but that's that's really an open discussion and that",
        "task": "but that 's that 's really an open discussion and that",
        "action_verb": "be",
        "person": null,
        "deadline": null
      },
      {
        "sentence": "d i think no decision , no final decision has been taken about that .",
        "task": "d i think no decision , no final decision has been taken about that",
        "action_verb": "think",
        "person": null,
        "deadline": null
      }
    ]
  },
  "entities": {
    "persons": [],
    "organizations": [],
    "dates": [],
    "locations": []
  },
  "statistics": {
    "total_words": 24,
    "total_sentences": 2,
    "unique_persons_mentioned": 0,
    "action_items_with_assignee": 0,
    "action_items_with_deadline": 0
  }
}