{
  "meeting_id": "IB4004",
  "timestamp": "2025-12-12T01:37:38.248207",
  "metadata": {
    "corpus": "AMI",
    "true_label": "decision_item"
  },
  "transcript_length": 45,
  "chunk_type": "decision_item",
  "summaries": {
    "main": "[Error: name 'bart_tokenizer' is not defined]"
  },
  "action_items": {
    "total_detected": 1,
    "items": [
      {
        "sentence": "it's more a matter of how to arrange the furniture , but since we are experts at this task , so maybe we could count on four places , but the final decision is not really ours , so we'll see actually this exactly .",
        "task": "it 's more a matter of how to arrange the furniture , but since we are experts at this task , so maybe we count on four places , but the final decision is not really ours , so we 'll see actually this exactly",
        "action_verb": "see",
        "person": null,
        "deadline": null
      }
    ]
  },
  "entities": {
    "persons": [],
    "organizations": [],
    "dates": [],
    "locations": []
  },
  "statistics": {
    "total_words": 45,
    "total_sentences": 1,
    "unique_persons_mentioned": 0,
    "action_items_with_assignee": 0,
    "action_items_with_deadline": 0
  }
}