{
  "meeting_id": "IN1002",
  "timestamp": "2025-12-12T01:37:38.630961",
  "metadata": {
    "corpus": "AMI",
    "true_label": "other_item"
  },
  "transcript_length": 26,
  "chunk_type": "action_item",
  "summaries": {
    "main": "[Error: name 'bart_tokenizer' is not defined]"
  },
  "action_items": {
    "total_detected": 1,
    "items": [
      {
        "sentence": ", so but we don't know , like we thought like i thought it's recovering , so maybe by tomorrow i'll get everything , so .",
        "task": "so but we do n't know , like we thought like i thought it 's recovering , so maybe i 'll get everything , so",
        "action_verb": "think",
        "person": null,
        "deadline": "tomorrow"
      }
    ]
  },
  "entities": {
    "persons": [],
    "organizations": [],
    "dates": [
      "tomorrow"
    ],
    "locations": []
  },
  "statistics": {
    "total_words": 26,
    "total_sentences": 1,
    "unique_persons_mentioned": 0,
    "action_items_with_assignee": 0,
    "action_items_with_deadline": 1
  }
}