{
  "meeting_id": "IN1005",
  "timestamp": "2025-12-12T01:37:38.534034",
  "metadata": {
    "corpus": "AMI",
    "true_label": "other_item"
  },
  "transcript_length": 41,
  "chunk_type": "action_item",
  "summaries": {
    "main": "[Error: name 'bart_tokenizer' is not defined]"
  },
  "action_items": {
    "total_detected": 2,
    "items": [
      {
        "sentence": ", well but , well ,",
        "task": "well but , well",
        "action_verb": "but",
        "person": null,
        "deadline": null
      },
      {
        "sentence": "but i mean if you have to judge it's with respect to a given task , i mean you can't say of course it's always good , because it's maximising the likelihood of whatever .",
        "task": "to judge it 's with respect to a given task",
        "action_verb": "judge",
        "person": null,
        "deadline": null
      }
    ]
  },
  "entities": {
    "persons": [],
    "organizations": [],
    "dates": [],
    "locations": []
  },
  "statistics": {
    "total_words": 41,
    "total_sentences": 2,
    "unique_persons_mentioned": 0,
    "action_items_with_assignee": 0,
    "action_items_with_deadline": 0
  }
}