{
  "meeting_id": "IN1012",
  "timestamp": "2025-12-12T01:37:37.201146",
  "metadata": {
    "corpus": "AMI",
    "true_label": "action_item"
  },
  "transcript_length": 49,
  "chunk_type": "action_item",
  "summaries": {
    "main": "[Error: name 'bart_tokenizer' is not defined]"
  },
  "action_items": {
    "total_detected": 2,
    "items": [
      {
        "sentence": "at the end then they will ask you to synthesise some sentence and you have to synthesise them",
        "task": "to synthesise some sentence",
        "action_verb": "synthesise",
        "person": null,
        "deadline": null
      },
      {
        "sentence": "and then you have to send them your training data , onl no development , training , no , training evaluate it's again subject to s because for speech synthes .",
        "task": "to send them your training data , onl no development , training",
        "action_verb": "send",
        "person": null,
        "deadline": null
      }
    ]
  },
  "entities": {
    "persons": [],
    "organizations": [],
    "dates": [],
    "locations": []
  },
  "statistics": {
    "total_words": 49,
    "total_sentences": 2,
    "unique_persons_mentioned": 0,
    "action_items_with_assignee": 0,
    "action_items_with_deadline": 0
  }
}