{
  "meeting_id": "IS1001c",
  "timestamp": "2025-12-12T01:37:37.267718",
  "metadata": {
    "corpus": "AMI",
    "true_label": "agenda_item"
  },
  "transcript_length": 27,
  "chunk_type": "action_item",
  "summaries": {
    "main": "The project manager opens the meeting by stating the agenda for the upcoming meeting.    The industrial designer begins the discussion about the design of a remote control and then the marketing expert begins the presentation by talking about the components of the device. Â  The marketing expert presents the prototype of the remote, which is simple and easy to use, and the user interface designer presents the interface design of the prototype, which includes a wheel sensor, a push button, and a speech recognition function.    The group then discusses their preferences for the remote and what features they would like to include in the design. _  They decide to use a spongy banana case instead of a rubber case, and that"
  },
  "action_items": {
    "total_detected": 1,
    "items": [
      {
        "sentence": "we'll then t take decision in concert and then we will define the nest next task , to have to be done before the next meeting .",
        "task": "to be done before the next meeting",
        "action_verb": "have",
        "person": null,
        "deadline": null
      }
    ]
  },
  "entities": {
    "persons": [],
    "organizations": [],
    "dates": [],
    "locations": []
  },
  "statistics": {
    "total_words": 27,
    "total_sentences": 1,
    "unique_persons_mentioned": 0,
    "action_items_with_assignee": 0,
    "action_items_with_deadline": 0
  }
}