{
  "meeting_id": "IS1008b",
  "timestamp": "2025-12-12T01:37:38.018085",
  "metadata": {
    "corpus": "AMI",
    "true_label": "decision_item"
  },
  "transcript_length": 30,
  "chunk_type": "action_item",
  "summaries": {
    "main": "The project manager opened the meeting and introduced the agenda.    The marketing expert introduced the new project requirements and the project manager introduced the project budget and the agenda for the upcoming project.     The industrial designer introduced the team members to the project management, and the marketing expert discussed the new requirements for the remote control and the budget for the project.     They discussed the cost of the project, and discussed the possibility of adding teletext to the product. Â  The project manager then discussed the production costs of the remote, and suggested that the remote should be used only for remotes that have a teletext function, and should not be used for other products."
  },
  "action_items": {
    "total_detected": 1,
    "items": [
      {
        "sentence": "no , i haven't really i wanted feedback , i think we need to rate rank these , but we'll see what your personal preferences are and your thoughts .",
        "task": "to rate rank these",
        "action_verb": "rate",
        "person": null,
        "deadline": null
      }
    ]
  },
  "entities": {
    "persons": [],
    "organizations": [],
    "dates": [],
    "locations": []
  },
  "statistics": {
    "total_words": 30,
    "total_sentences": 1,
    "unique_persons_mentioned": 0,
    "action_items_with_assignee": 0,
    "action_items_with_deadline": 0
  }
}