{
  "meeting_id": "IS1001d",
  "timestamp": "2025-12-12T01:37:36.923684",
  "metadata": {
    "corpus": "AMI",
    "true_label": "action_item"
  },
  "transcript_length": 21,
  "chunk_type": "action_item",
  "summaries": {
    "main": "The project manager opens the meeting by saying that the project manager will present the prototype to the team.    The marketing expert presents the prototype and says that the prototype will be technologically innovative, user-friendly, easy to use, and user-centered, and that it will be easy to find in a room with a small number of buttons on the back. Â  The team members then evaluate the prototype on a scale of 1 to 7.    The industrial designer gives a presentation on the technical aspects of the prototype, and the team members discuss their experiences with the prototype in the past and discuss their personal preferences for the device.      The project manager then presents the project budget."
  },
  "action_items": {
    "total_detected": 1,
    "items": [
      {
        "sentence": "then i've i will also take notes during this meeting and i will send you a summary then as usual .",
        "task": "then i 've i also take notes during this meeting and i send you a summary then as usual",
        "action_verb": "have",
        "person": null,
        "deadline": null
      }
    ]
  },
  "entities": {
    "persons": [],
    "organizations": [],
    "dates": [],
    "locations": []
  },
  "statistics": {
    "total_words": 21,
    "total_sentences": 1,
    "unique_persons_mentioned": 0,
    "action_items_with_assignee": 0,
    "action_items_with_deadline": 0
  }
}