{
  "meeting_id": "IS1009b",
  "timestamp": "2025-12-12T01:37:37.021441",
  "metadata": {
    "corpus": "AMI",
    "true_label": "action_item"
  },
  "transcript_length": 61,
  "chunk_type": "action_item",
  "summaries": {
    "main": "The project manager opened the meeting and stated the agenda for the upcoming meeting.    The user interface designer discussed the functions of a remote and discussed the features that could be incorporated into a remotes design to make it more user-friendly. Â  The marketing expert discussed the functionalities of remotes and suggested that the remote should be compact, easy to use, have a child lock system, and be easy to lock.    The industrial designer discussed how to make the remote easier to use and how to integrate the remotes into the design of the device.      The group discussed the possibility of using an infrared light to control the remote."
  },
  "action_items": {
    "total_detected": 1,
    "items": [
      {
        "sentence": "so i'll be coming to you for how much is it gonna cost us and how long is it gonna take you , and i'll be coming to you to tell me what's gonna make somebody take out their wallet you know , what's what's gonna really be what they call a sizzle , 'cause we gotta sell this sizzle .",
        "task": "how much na cost us",
        "action_verb": "cost",
        "person": null,
        "deadline": null
      }
    ]
  },
  "entities": {
    "persons": [],
    "organizations": [],
    "dates": [],
    "locations": []
  },
  "statistics": {
    "total_words": 61,
    "total_sentences": 1,
    "unique_persons_mentioned": 0,
    "action_items_with_assignee": 0,
    "action_items_with_deadline": 0
  }
}