{
  "meeting_id": "IS1004b",
  "timestamp": "2025-12-12T01:37:38.469638",
  "metadata": {
    "corpus": "AMI",
    "true_label": "other_item"
  },
  "transcript_length": 24,
  "chunk_type": "action_item",
  "summaries": {
    "main": "The project manager opened the meeting and introduced the project to the team.    The marketing expert introduced the team to the group and discussed the features of a remote control and suggested that they use a scroll wheel instead of a speech reco reco function, and that they could use a speech recognition function instead of using a speech-recognition function to control the remote. Â   He suggested that the remote should be shaped for a single person and be shaped like a mouse scroll wheel, so that it would be easier to use than a remote that has a speech function and could be used by a group of people who are interested in speech recognition and speech recognition. "
  },
  "action_items": {
    "total_detected": 1,
    "items": [
      {
        "sentence": "so well we w well we will have a bit of a simpler task in that we're only doing a television remote control .",
        "task": "so well we w well we have a bit of a simpler task in that we 're only doing a television remote control",
        "action_verb": "have",
        "person": null,
        "deadline": null
      }
    ]
  },
  "entities": {
    "persons": [],
    "organizations": [],
    "dates": [],
    "locations": []
  },
  "statistics": {
    "total_words": 24,
    "total_sentences": 1,
    "unique_persons_mentioned": 0,
    "action_items_with_assignee": 0,
    "action_items_with_deadline": 0
  }
}