{
  "meeting_id": "IS1001b",
  "timestamp": "2025-12-12T01:37:37.333253",
  "metadata": {
    "corpus": "AMI",
    "true_label": "agenda_item"
  },
  "transcript_length": 28,
  "chunk_type": "action_item",
  "summaries": {
    "main": "The project manager opened the meeting and introduced the project to the team.    The industrial designer introduced the team to the project manager and the team members and discussed their experiences with remotes and how to make remotes more user-friendly and easy-to-use, as well as how to incorporate speech recognition into the design of the remote. Â  The marketing expert presented the results of a usability study which showed that users liked the look of remotes, but did not like the way the remote was shaped and did not want to include speech recognition in the design.    The user interface designer presented a prototype of a remote control that was easy to use, easy to operate, and easy to maintain. "
  },
  "action_items": {
    "total_detected": 1,
    "items": [
      {
        "sentence": "then we will take the decision on the remote control needed functions and then i will assign you the task for the next part of the meeting .",
        "task": "then we take the decision on the remote control needed functions and then i assign you the task for the next part of the meeting",
        "action_verb": "take",
        "person": null,
        "deadline": null
      }
    ]
  },
  "entities": {
    "persons": [],
    "organizations": [],
    "dates": [],
    "locations": []
  },
  "statistics": {
    "total_words": 28,
    "total_sentences": 1,
    "unique_persons_mentioned": 0,
    "action_items_with_assignee": 0,
    "action_items_with_deadline": 0
  }
}