{
  "meeting_id": "IS1000a",
  "timestamp": "2025-12-12T01:37:37.049659",
  "metadata": {
    "corpus": "AMI",
    "true_label": "action_item"
  },
  "transcript_length": 22,
  "chunk_type": "action_item",
  "summaries": {
    "main": "The project manager opened the meeting and introduced the project to the team members.    The team members then discussed their roles in the project and discussed their role in designing the remote control they will be designing. The project manager then introduced the team to the group members and then the project manager briefed them on the project budget and the team's role in the upcoming project. The marketing expert then briefed the team on the new project plan and discussed how to make the remote more user-friendly and easy to use. The team then discussed the features of the remote and how to incorporate them into the design. "
  },
  "action_items": {
    "total_detected": 1,
    "items": [
      {
        "sentence": "you all get certain task in this in this phase and then we will meet again and discuss this functional design .",
        "task": "all get certain task in this in this phase and then we meet again and discuss this functional design",
        "action_verb": "get",
        "person": null,
        "deadline": null
      }
    ]
  },
  "entities": {
    "persons": [],
    "organizations": [],
    "dates": [],
    "locations": []
  },
  "statistics": {
    "total_words": 22,
    "total_sentences": 1,
    "unique_persons_mentioned": 0,
    "action_items_with_assignee": 0,
    "action_items_with_deadline": 0
  }
}