{
  "meeting_id": "TS3011d",
  "timestamp": "2025-12-12T01:37:38.386953",
  "metadata": {
    "corpus": "AMI",
    "true_label": "decision_item"
  },
  "transcript_length": 28,
  "chunk_type": "decision_item",
  "summaries": {
    "main": "The project manager opened the meeting.    The marketing expert evaluated the prototype and stated that the prototype was spongy, spongly, and lacked a natural feeling. The user interface designer evaluated the design of the device and found that the device was technologically innovative and user-friendly, and that it was easy to use and easy-to use. The team then evaluated the internal components of the remote and decided that the remote should have a rubber casing and a rubber case to make it easier to use than a plastic or rubber case because it lacked the ability to be used in a variety of ways. The group decided to use rubber instead of plastic and rubber to make the casing more durable, and to include speech recognition. "
  },
  "action_items": {
    "total_detected": 1,
    "items": [
      {
        "sentence": "it would have been even more fancy , but we decided not to , because if we use a double-curved case , we could not use solar .",
        "task": "it have been even more fancy , but we decided not to , because if we use a double - curved case , we not use solar",
        "action_verb": "be",
        "person": null,
        "deadline": null
      }
    ]
  },
  "entities": {
    "persons": [],
    "organizations": [],
    "dates": [],
    "locations": []
  },
  "statistics": {
    "total_words": 28,
    "total_sentences": 1,
    "unique_persons_mentioned": 0,
    "action_items_with_assignee": 0,
    "action_items_with_deadline": 0
  }
}