{
  "meeting_id": "TS3011c",
  "timestamp": "2025-12-12T01:37:38.402967",
  "metadata": {
    "corpus": "AMI",
    "true_label": "decision_item"
  },
  "transcript_length": 9,
  "chunk_type": "decision_item",
  "summaries": {
    "main": "The project manager opened the meeting by talking about the technical aspects of the project.    The industrial designer discussed the materials and materials used in the design, and discussed the possibility of using solar cells as an energy source. The marketing expert discussed the options for materials, materials, and materials that could be used in a remote control. He suggested using rubber, rubber, and titanium for the casing, and that the rubber case could be made of rubber or titanium to give it a spongy look and feel, and also to make it easier to use than the plastic case which is used for the rubber cases."
  },
  "action_items": {
    "total_detected": 1,
    "items": [
      {
        "sentence": "yes , the voice recognition we already decided .",
        "task": "yes , the voice recognition we already decided",
        "action_verb": "decide",
        "person": null,
        "deadline": null
      }
    ]
  },
  "entities": {
    "persons": [],
    "organizations": [],
    "dates": [],
    "locations": []
  },
  "statistics": {
    "total_words": 9,
    "total_sentences": 1,
    "unique_persons_mentioned": 0,
    "action_items_with_assignee": 0,
    "action_items_with_deadline": 0
  }
}