{
  "meeting_id": "TS3004b",
  "timestamp": "2025-12-12T01:37:38.517928",
  "metadata": {
    "corpus": "AMI",
    "true_label": "other_item"
  },
  "transcript_length": 22,
  "chunk_type": "action_item",
  "summaries": {
    "main": "The project manager opened the meeting and introduced the agenda to the team.    The marketing expert presented the results of an experiment in which users used speech recognition to locate their favorite remote controls. The user interface designer presented a prototype of a remote control that could be used for television, stereo, stereo and something else that would allow users to use speech recognition in the remote they own, as well as to include speech recognition. Â  The industrial designer presented the prototype to the group and discussed the internal workings of the remote and discussed how to make it reachable for twenty five euros (USD).   He also discussed the possibility of incorporating speech recognition into the design.    The group decided to make"
  },
  "action_items": {
    "total_detected": 1,
    "items": [
      {
        "sentence": "you'll also have to use a mute button to maybe , not i don't know where you have to put it .",
        "task": "to use a mute button to maybe",
        "action_verb": "use",
        "person": null,
        "deadline": null
      }
    ]
  },
  "entities": {
    "persons": [],
    "organizations": [],
    "dates": [],
    "locations": []
  },
  "statistics": {
    "total_words": 22,
    "total_sentences": 1,
    "unique_persons_mentioned": 0,
    "action_items_with_assignee": 0,
    "action_items_with_deadline": 0
  }
}