{
  "meeting_id": "TS3005c",
  "timestamp": "2025-12-12T01:37:38.454580",
  "metadata": {
    "corpus": "AMI",
    "true_label": "other_item"
  },
  "transcript_length": 21,
  "chunk_type": "action_item",
  "summaries": {
    "main": "The project manager opened the meeting and introduced the project to the team members.    The team members then discussed their experiences with remote controls and discussed their personal preferences for rubber and rubber materials and discussed the possibility of using a rubber case to make the remote easier to use and easier to clean.  o  The marketing expert discussed the internal workings of a remote control and suggested that the remote should be made of rubber rather than titanium.  e  The industrial designer discussed the production costs of the remote and discussed options for materials that could be used in the design of the device, such as solar cells, batteries, chips, and a chip that could facilitate speech recognition."
  },
  "action_items": {
    "total_detected": 1,
    "items": [
      {
        "sentence": "but do we have to we'll work together , but do we have to stay here , or do we .",
        "task": "to stay here",
        "action_verb": "stay",
        "person": null,
        "deadline": null
      }
    ]
  },
  "entities": {
    "persons": [],
    "organizations": [],
    "dates": [],
    "locations": []
  },
  "statistics": {
    "total_words": 21,
    "total_sentences": 1,
    "unique_persons_mentioned": 0,
    "action_items_with_assignee": 0,
    "action_items_with_deadline": 0
  }
}