{
  "meeting_id": "TS3010a",
  "timestamp": "2025-12-12T01:37:38.035473",
  "metadata": {
    "corpus": "AMI",
    "true_label": "decision_item"
  },
  "transcript_length": 12,
  "chunk_type": "action_item",
  "summaries": {
    "main": "The project manager opened the meeting and introduced the project to the team.    The team members then discussed their experiences with remote controls and discussed their personal preferences for them and what features they would like to include in their design. Â  The marketing expert then discussed the team's experiences with remotes and suggested that the team should make a new remote control that is original, trendy, user-friendly, and easy to use.    The project manager then discussed how to make the remote easier to use and how to incorporate the features of a remote into the design of the device. _  The group discussed their preferences for a remote that is simple to use, easy to locate, and is easy to maintain. "
  },
  "action_items": {
    "total_detected": 1,
    "items": [
      {
        "sentence": "so now we have to think about what we will make .",
        "task": "to think about what we make",
        "action_verb": "think",
        "person": null,
        "deadline": null
      }
    ]
  },
  "entities": {
    "persons": [],
    "organizations": [],
    "dates": [],
    "locations": []
  },
  "statistics": {
    "total_words": 12,
    "total_sentences": 1,
    "unique_persons_mentioned": 0,
    "action_items_with_assignee": 0,
    "action_items_with_deadline": 0
  }
}