{
  "meeting_id": "TS3009d",
  "timestamp": "2025-12-12T01:37:38.239160",
  "metadata": {
    "corpus": "AMI",
    "true_label": "decision_item"
  },
  "transcript_length": 4,
  "chunk_type": "decision_item",
  "summaries": {
    "main": "The project manager opened the meeting and introduced the project to the team.    The project manager introduced the prototype to the group and discussed the features of the remote and the cost of the device. Â  The marketing expert discussed the costs of the project and suggested that the remote should be made of titanium or plastic and be used with a special colour.    The group discussed the options for materials, materials, and materials to use in the design, as well as how to make the remote easier to use and how to maintain the appearance of the product.      The team decided to use titanium instead of plastic, and to use a digital pen instead. "
  },
  "action_items": {
    "total_detected": 1,
    "items": [
      {
        "sentence": ", i agree .",
        "task": "i agree",
        "action_verb": "agree",
        "person": null,
        "deadline": null
      }
    ]
  },
  "entities": {
    "persons": [],
    "organizations": [],
    "dates": [],
    "locations": []
  },
  "statistics": {
    "total_words": 4,
    "total_sentences": 1,
    "unique_persons_mentioned": 0,
    "action_items_with_assignee": 0,
    "action_items_with_deadline": 0
  }
}