{
  "meeting_id": "TS3012a",
  "timestamp": "2025-12-12T01:37:38.378078",
  "metadata": {
    "corpus": "AMI",
    "true_label": "decision_item"
  },
  "transcript_length": 3,
  "chunk_type": "decision_item",
  "summaries": {
    "main": "The project manager opened the meeting and introduced the project to the team.    The project manager introduced the team members to each other, and then the marketing expert introduced the new project product to the project team members, and the industrial designer presented the new product design and the team member's personal preferences for materials, materials, and energy sources. The marketing expert presented the prototype to the group, and they discussed the internal workings of the remote control and what features to consider in the design and production of the device. The team members then discussed their experiences with remote controls and their preferences for energy sources and materials, as well as how to make the remote more user-friendly and easy to use."
  },
  "action_items": {
    "total_detected": 1,
    "items": [
      {
        "sentence": "i agree .",
        "task": "agree",
        "action_verb": "agree",
        "person": null,
        "deadline": null
      }
    ]
  },
  "entities": {
    "persons": [],
    "organizations": [],
    "dates": [],
    "locations": []
  },
  "statistics": {
    "total_words": 3,
    "total_sentences": 1,
    "unique_persons_mentioned": 0,
    "action_items_with_assignee": 0,
    "action_items_with_deadline": 0
  }
}