{
  "meeting_id": "TS3003d",
  "timestamp": "2025-12-12T01:37:39.439502",
  "metadata": {
    "corpus": "AMI",
    "true_label": "other_item"
  },
  "transcript_length": 19,
  "chunk_type": "action_item",
  "summaries": {
    "main": "The project manager opened the meeting and introduced the agenda for the upcoming meeting.    The marketing expert discussed the current trend in the market for remotes and discussed the possibility of incorporating a scroll wheel into the design.     The user interface designer discussed the usability of the remote and suggested that the remote should be simple, easy to use, and include a scrollwheel push-button for the teletext function, as well as an integrated scrollwheel for the remote's scrollwheel and a scroll-wheel to allow the remote to be used with the remote in a single-curved fashion. Â  The industrial designer discussed how to make a remote that is easily recognisable by its user-friendly design."
  },
  "action_items": {
    "total_detected": 1,
    "items": [
      {
        "sentence": "because you have to we will have to get the twelve and a half euros at the end .",
        "task": "to get the twelve and a half euros at the end",
        "action_verb": "get",
        "person": null,
        "deadline": null
      }
    ]
  },
  "entities": {
    "persons": [],
    "organizations": [],
    "dates": [],
    "locations": []
  },
  "statistics": {
    "total_words": 19,
    "total_sentences": 1,
    "unique_persons_mentioned": 0,
    "action_items_with_assignee": 0,
    "action_items_with_deadline": 0
  }
}