{
  "meeting_id": "TS3011b",
  "timestamp": "2025-12-12T01:37:39.383181",
  "metadata": {
    "corpus": "AMI",
    "true_label": "other_item"
  },
  "transcript_length": 16,
  "chunk_type": "decision_item",
  "summaries": {
    "main": "The project manager opened the meeting by explaining the new requirements of the project.    The marketing expert introduced the project to the team members and then the marketing expert briefed the team on the project requirements of a remote control. The group then discussed the features of the remote and discussed their own experiences with remote controls. The project manager then briefed the group on their experiences with remotes and discussed the possibility of incorporating teletext into the product. Â  The industrial designer presented some new features that the remote should include in its design, including the ability to be used for televisions and teletext, as well as the ability for the remote to be switched on and off when the TV is on. "
  },
  "action_items": {
    "total_detected": 1,
    "items": [
      {
        "sentence": "do you agree , do you think the market would respond to a simple - .",
        "task": "do you agree , do you think the market respond to a simple -",
        "action_verb": "think",
        "person": null,
        "deadline": null
      }
    ]
  },
  "entities": {
    "persons": [],
    "organizations": [],
    "dates": [],
    "locations": []
  },
  "statistics": {
    "total_words": 16,
    "total_sentences": 1,
    "unique_persons_mentioned": 0,
    "action_items_with_assignee": 0,
    "action_items_with_deadline": 0
  }
}