{
  "meeting_id": "TS3010b",
  "timestamp": "2025-12-12T01:37:37.872740",
  "metadata": {
    "corpus": "AMI",
    "true_label": "agenda_item"
  },
  "transcript_length": 15,
  "chunk_type": "action_item",
  "summaries": {
    "main": "The project manager opened the meeting and introduced the project to the team members.    The team members discussed their experiences with remotes and discussed their preferences for remotes, and discussed the possibility of making a remote that is easy to use and long-lasting, with only a few buttons. The marketing expert presented the findings of the team's research on the remote, and the team decided to make a remote with a menu button and a remote control with a bleep signal on it to make it easier for users to switch to other televisions, and to make the remote more user-friendly and easier to use than a remotes with a mute function."
  },
  "action_items": {
    "total_detected": 1,
    "items": [
      {
        "sentence": "so and after that we have to make decisions , what we will do .",
        "task": "to make decisions",
        "action_verb": "make",
        "person": null,
        "deadline": null
      }
    ]
  },
  "entities": {
    "persons": [],
    "organizations": [],
    "dates": [],
    "locations": []
  },
  "statistics": {
    "total_words": 15,
    "total_sentences": 1,
    "unique_persons_mentioned": 0,
    "action_items_with_assignee": 0,
    "action_items_with_deadline": 0
  }
}