{
  "meeting_id": "TS3012b",
  "timestamp": "2025-12-12T01:37:38.096638",
  "metadata": {
    "corpus": "AMI",
    "true_label": "decision_item"
  },
  "transcript_length": 10,
  "chunk_type": "decision_item",
  "summaries": {
    "main": "The project manager opens the meeting.    The industrial designer begins the meeting by explaining the technical functions of a remote control and explaining how to make it easier for users to use the remote they are used to using and why they want it to be easy to use and easy to replace with a remotes that are easier to use than ones that are too complicated to replace easily with remotes. Â  The marketing expert begins the discussion by explaining how the remote works and what features to consider when designing a remote.    The user interface designer presents the interface to the group and explains how the interface works.      The group then discusses their experiences with remote controls and their preferences for them."
  },
  "action_items": {
    "total_detected": 1,
    "items": [
      {
        "sentence": "because we decided that it's n not that important .",
        "task": "because we decided that it 's n not that important",
        "action_verb": "decide",
        "person": null,
        "deadline": null
      }
    ]
  },
  "entities": {
    "persons": [],
    "organizations": [],
    "dates": [],
    "locations": []
  },
  "statistics": {
    "total_words": 10,
    "total_sentences": 1,
    "unique_persons_mentioned": 0,
    "action_items_with_assignee": 0,
    "action_items_with_deadline": 0
  }
}