{
  "meeting_id": "TS3012c",
  "timestamp": "2025-12-12T01:37:38.312734",
  "metadata": {
    "corpus": "AMI",
    "true_label": "decision_item"
  },
  "transcript_length": 4,
  "chunk_type": "decision_item",
  "summaries": {
    "main": "The project manager opened the meeting and introduced the agenda to the team.    The marketing expert presented the agenda for the upcoming meeting and the team members discussed their experiences with remotes and their preferences for materials and materials that could be used in a remote control. The industrial designer discussed the options for materials, materials, components, and materials to make a remote that is easy to use, easy to maintain, and would be easy to operate with a simple chip. The user interface designer presented a prototype of the remote, which had a scroll wheel, a scrollwheel, and an LCD screen. Â  The team then discussed what features to include in the remote and what materials to include. "
  },
  "action_items": {
    "total_detected": 1,
    "items": [
      {
        "sentence": ", i agree .",
        "task": "i agree",
        "action_verb": "agree",
        "person": null,
        "deadline": null
      }
    ]
  },
  "entities": {
    "persons": [],
    "organizations": [],
    "dates": [],
    "locations": []
  },
  "statistics": {
    "total_words": 4,
    "total_sentences": 1,
    "unique_persons_mentioned": 0,
    "action_items_with_assignee": 0,
    "action_items_with_deadline": 0
  }
}